Training RMSE,Test RMSE,Training R²,Test R²
10.2197358964172,57.479532723217105,0.987304525714754,0.4531439471694938
